id,parameter_type,localizable_query,localizable_parameters
multiple_0,non-translatable,,
multiple_1,non-translatable,,
multiple_2,translatable,true,true
multiple_3,non-translatable,,
multiple_4,non-translatable,,
multiple_5,non-translatable,,
multiple_6,non-translatable,,
multiple_7,translatable,true,true
multiple_8,translatable,true,true
multiple_9,non-translatable,,
multiple_10,non-translatable,,
multiple_11,non-translatable,,
multiple_12,translatable,true,true
multiple_13,non-translatable,,
multiple_14,non-translatable,,
multiple_15,non-translatable,,
multiple_16,translatable,false,false
multiple_17,translatable,true,true
multiple_18,translatable,true,true
multiple_19,translatable,true,true
multiple_20,non-translatable,,
multiple_21,non-translatable,,
multiple_22,non-translatable,,
multiple_23,translatable,true,true
multiple_24,translatable,true,true
multiple_25,translatable,true,true
multiple_26,translatable,true,true
multiple_27,translatable,true,true
multiple_28,non-translatable,,
multiple_29,non-translatable,,
multiple_30,non-translatable,,
multiple_31,non-translatable,,
multiple_32,non-translatable,,
multiple_33,non-translatable,,
multiple_34,non-translatable,,
multiple_35,non-translatable,,
multiple_36,non-translatable,,
multiple_37,non-translatable,,
multiple_38,translatable,true,true
multiple_39,translatable,true,true
multiple_40,non-translatable,,
multiple_41,non-translatable,,
multiple_42,non-translatable,,
multiple_43,non-translatable,,
multiple_44,non-translatable,,
multiple_45,translatable,false,false
multiple_46,translatable,true,true
multiple_47,non-translatable,,
multiple_48,translatable,true,true
multiple_49,non-translatable,,
multiple_50,translatable,true,true
multiple_51,non-translatable,,
multiple_52,translatable,true,true
multiple_53,translatable,false,false
multiple_54,translatable,true,true
multiple_55,translatable,true,true
multiple_56,translatable,true,true
multiple_57,non-translatable,,
multiple_58,translatable,true,true
multiple_59,translatable,true,true
multiple_60,translatable,true,true
multiple_61,translatable,true,true
multiple_62,translatable,true,true
multiple_63,translatable,true,true
multiple_64,translatable,true,true
multiple_65,translatable,true,true
multiple_66,translatable,true,true
multiple_67,translatable,false,false
multiple_68,translatable,true,true
multiple_69,non-translatable,,
multiple_70,translatable,true,true
multiple_71,translatable,true,false
multiple_72,translatable,true,true
multiple_73,translatable,true,true
multiple_74,translatable,true,true
multiple_75,translatable,false,false
multiple_76,translatable,false,false
multiple_77,translatable,true,true
multiple_78,translatable,true,true
multiple_79,translatable,true,true
multiple_80,translatable,true,true
multiple_81,translatable,true,true
multiple_82,non-translatable,,
multiple_83,translatable,true,true
multiple_84,translatable,true,true
multiple_85,translatable,true,true
multiple_86,translatable,false,false
multiple_87,translatable,false,false
multiple_88,translatable,true,true
multiple_89,translatable,false,false
multiple_90,translatable,true,true
multiple_91,translatable,false,false
multiple_92,translatable,true,true
multiple_93,translatable,true,true
multiple_94,translatable,true,true
multiple_95,non-translatable,,
multiple_96,non-translatable,,
multiple_97,non-translatable,,
multiple_98,non-translatable,,
multiple_99,non-translatable,,
multiple_100,non-translatable,,
multiple_101,non-translatable,,
multiple_102,non-translatable,,
multiple_103,non-translatable,,
multiple_104,translatable,true,true
multiple_105,non-translatable,,
multiple_106,non-translatable,,
multiple_107,non-translatable,,
multiple_108,non-translatable,,
multiple_109,translatable,false,false
multiple_110,non-translatable,,
multiple_111,non-translatable,,
multiple_112,translatable,true,true
multiple_113,non-translatable,,
multiple_114,translatable,false,false
multiple_115,translatable,true,true
multiple_116,non-translatable,,
multiple_117,non-translatable,,
multiple_118,translatable,true,true
multiple_119,non-translatable,,
multiple_120,non-translatable,,
multiple_121,non-translatable,,
multiple_122,translatable,false,false
multiple_123,non-translatable,,
multiple_124,non-translatable,,
multiple_125,non-translatable,,
multiple_126,non-translatable,,
multiple_127,non-translatable,,
multiple_128,non-translatable,,
multiple_129,non-translatable,,
multiple_130,non-translatable,,
multiple_131,translatable,true,true
multiple_132,non-translatable,,
multiple_133,non-translatable,,
multiple_134,translatable,true,true
multiple_135,translatable,true,true
multiple_136,translatable,true,true
multiple_137,translatable,true,true
multiple_138,translatable,true,true
multiple_139,translatable,true,true
multiple_140,translatable,true,true
multiple_141,non-translatable,,
multiple_142,translatable,true,true
multiple_143,non-translatable,,
multiple_144,translatable,true,true
multiple_145,non-translatable,,
multiple_146,translatable,true,true
multiple_147,translatable,true,true
multiple_148,translatable,true,true
multiple_149,translatable,false,false
multiple_150,non-translatable,,
multiple_151,translatable,false,false
multiple_152,translatable,true,true
multiple_153,translatable,true,true
multiple_154,non-translatable,,
multiple_155,translatable,false,false
multiple_156,translatable,true,true
multiple_157,translatable,true,true
multiple_158,translatable,true,true
multiple_159,non-translatable,,
multiple_160,translatable,true,true
multiple_161,translatable,true,true
multiple_162,non-translatable,,
multiple_163,non-translatable,,
multiple_164,translatable,true,true
multiple_165,translatable,true,true
multiple_166,translatable,true,true
multiple_167,non-translatable,,
multiple_168,translatable,true,true
multiple_169,non-translatable,,
multiple_170,translatable,true,true
multiple_171,translatable,true,true
multiple_172,translatable,true,true
multiple_173,non-translatable,,
multiple_174,translatable,true,true
multiple_175,translatable,false,false
multiple_176,translatable,true,true
multiple_177,translatable,true,true
multiple_178,non-translatable,,
multiple_179,non-translatable,,
multiple_180,translatable,true,true
multiple_181,translatable,true,true
multiple_182,non-translatable,,
multiple_183,translatable,true,true
multiple_184,translatable,false,false
multiple_185,translatable,true,true
multiple_186,translatable,false,false
multiple_187,translatable,true,true
multiple_188,translatable,true,true
multiple_189,translatable,true,true
multiple_190,translatable,true,true
multiple_191,translatable,true,true
multiple_192,non-translatable,,
multiple_193,translatable,true,true
multiple_194,translatable,true,true
multiple_195,non-translatable,,
multiple_196,translatable,false,false
multiple_197,translatable,false,false
multiple_198,non-translatable,,
multiple_199,translatable,true,true
