id,source_id,locale,localization_level,benchmark,model,success,first_attempt_success,success_with_extra_calls,num_attempts,num_api_calls,num_clarifications,num_failed_calls,final_error_type,total_input_tokens,total_output_tokens,estimated_cost_usd,total_latency_s,error
multiple_2,,,,en_translatable,grok-4.6,True,True,False,1,1,0,0,,229,14,0.0005420000000000001,5.991652250289917,
multiple_7,,,,en_translatable,grok-4.6,True,True,True,1,1,0,0,,342,63,0.001062,11.887177228927612,
multiple_8,,,,en_translatable,grok-4.6,True,True,False,1,1,0,0,,443,53,0.001204,15.056252717971802,
multiple_9,,,,en_translatable,grok-4.6,True,True,False,1,1,0,0,,286,35,0.000782,7.00227689743042,
multiple_12,,,,en_translatable,grok-4.6,True,True,False,1,1,0,0,,514,58,0.001376,6.907095670700073,
multiple_13,,,,en_translatable,grok-4.6,True,True,False,1,1,0,0,,296,33,0.00079,7.735841989517212,
multiple_15,,,,en_translatable,grok-4.6,True,True,False,1,1,0,0,,378,36,0.000972,5.639649152755737,
multiple_16,,,,en_translatable,grok-4.6,True,True,False,1,1,0,0,,507,30,0.001194,5.984872102737427,
multiple_17,,,,en_translatable,grok-4.6,True,True,False,1,1,0,0,,445,37,0.001112,7.139833211898804,
multiple_18,,,,en_translatable,grok-4.6,True,True,False,1,1,0,0,,243,20,0.000606,5.2650134563446045,
multiple_19,,,,en_translatable,grok-4.6,True,True,False,1,1,0,0,,355,23,0.000848,4.585046052932739,
multiple_20,,,,en_translatable,grok-4.6,True,True,False,1,1,0,0,,348,19,0.00081,3.814352512359619,
multiple_22,,,,en_translatable,grok-4.6,True,True,False,1,1,0,0,,364,23,0.000866,3.378497838973999,
multiple_23,,,,en_translatable,grok-4.6,True,True,False,1,1,0,0,,474,37,0.00117,6.3021392822265625,
multiple_24,,,,en_translatable,grok-4.6,True,True,False,1,1,0,0,,315,29,0.000804,16.092787742614746,
multiple_25,,,,en_translatable,grok-4.6,True,True,False,1,1,0,0,,466,37,0.001154,9.243898868560791,
multiple_26,,,,en_translatable,grok-4.6,True,True,True,1,1,0,0,,442,36,0.0011,20.966705560684204,
multiple_27,,,,en_translatable,grok-4.6,True,True,False,1,1,0,0,,301,34,0.000806,5.9288318157196045,
multiple_38,,,,en_translatable,grok-4.6,True,True,False,1,1,0,0,,346,26,0.000848,4.4207375049591064,
multiple_39,,,,en_translatable,grok-4.6,True,True,False,1,1,0,0,,314,31,0.000814,5.4476494789123535,
multiple_44,,,,en_translatable,grok-4.6,True,True,False,1,1,0,0,,412,25,0.000974,5.63141131401062,
multiple_45,,,,en_translatable,grok-4.6,True,True,False,1,1,0,0,,245,26,0.000646,5.301936388015747,
multiple_46,,,,en_translatable,grok-4.6,True,True,False,1,1,0,0,,341,25,0.0008320000000000001,5.023069143295288,
multiple_48,,,,en_translatable,grok-4.6,True,True,False,1,1,0,0,,311,31,0.0008080000000000001,4.80229377746582,
multiple_50,,,,en_translatable,grok-4.6,True,True,False,1,1,0,0,,393,20,0.000906,4.225480556488037,
multiple_52,,,,en_translatable,grok-4.6,True,True,False,1,1,0,0,,289,27,0.00074,6.97783899307251,
multiple_53,,,,en_translatable,grok-4.6,True,False,False,3,3,0,2,,3248,195,0.007666,50.23561429977417,
multiple_54,,,,en_translatable,grok-4.6,True,False,False,3,3,0,2,,1937,79,0.0043479999999999994,17.232798099517822,
multiple_55,,,,en_translatable,grok-4.6,True,True,False,1,1,0,0,,266,17,0.000634,5.660583257675171,
multiple_56,,,,en_translatable,grok-4.6,True,True,False,1,1,0,0,,423,19,0.0009599999999999999,3.532702922821045,
multiple_58,,,,en_translatable,grok-4.6,True,True,False,1,1,0,0,,257,21,0.00064,8.34390640258789,
multiple_59,,,,en_translatable,grok-4.6,True,True,False,1,1,0,0,,298,22,0.0007279999999999999,3.7741951942443848,
multiple_60,,,,en_translatable,grok-4.6,True,True,False,1,1,0,0,,355,21,0.000836,3.2169344425201416,
multiple_61,,,,en_translatable,grok-4.6,True,True,False,1,1,0,0,,358,36,0.0009319999999999999,11.570597410202026,
multiple_62,,,,en_translatable,grok-4.6,True,True,False,1,1,0,0,,296,29,0.000766,5.8299736976623535,
multiple_63,,,,en_translatable,grok-4.6,True,True,False,1,1,0,0,,331,20,0.000782,4.153966665267944,
multiple_64,,,,en_translatable,grok-4.6,True,True,False,1,1,0,0,,349,27,0.0008600000000000001,6.300388336181641,
multiple_65,,,,en_translatable,grok-4.6,True,True,False,1,1,0,0,,367,23,0.0008719999999999999,6.016654968261719,
multiple_66,,,,en_translatable,grok-4.6,True,True,False,1,1,0,0,,370,32,0.000932,8.988182544708252,
multiple_67,,,,en_translatable,grok-4.6,True,True,False,1,1,0,0,,299,31,0.000784,7.087392568588257,
multiple_68,,,,en_translatable,grok-4.6,True,True,False,1,1,0,0,,327,24,0.000798,11.254549741744995,
multiple_70,,,,en_translatable,grok-4.6,True,True,False,1,1,0,0,,446,23,0.00103,7.701310396194458,
multiple_71,,,,en_translatable,grok-4.6,True,True,False,1,1,0,0,,344,19,0.000802,2.3607375621795654,
multiple_72,,,,en_translatable,grok-4.6,True,True,False,1,1,0,0,,306,26,0.000768,2.592238187789917,
multiple_73,,,,en_translatable,grok-4.6,True,True,False,1,1,0,0,,196,15,0.000482,3.406187057495117,
multiple_74,,,,en_translatable,grok-4.6,True,True,False,1,1,0,0,,313,35,0.000836,9.563500165939331,
multiple_75,,,,en_translatable,grok-4.6,True,True,False,1,1,0,0,,375,21,0.000876,4.6280152797698975,
multiple_76,,,,en_translatable,grok-4.6,True,True,False,1,2,1,0,,1397,72,0.003226,22.660808086395264,
multiple_77,,,,en_translatable,grok-4.6,True,True,False,1,1,0,0,,383,27,0.000928,9.574362754821777,
multiple_78,,,,en_translatable,grok-4.6,True,True,False,1,1,0,0,,373,35,0.000956,9.514593839645386,
multiple_79,,,,en_translatable,grok-4.6,True,True,False,1,1,0,0,,252,25,0.0006540000000000001,4.629245281219482,
multiple_80,,,,en_translatable,grok-4.6,True,True,False,1,1,0,0,,412,36,0.00104,8.832286834716797,
multiple_81,,,,en_translatable,grok-4.6,True,True,False,1,1,0,0,,360,33,0.0009180000000000001,8.040802478790283,
multiple_83,,,,en_translatable,grok-4.6,True,True,False,1,1,0,0,,385,32,0.000962,3.5970637798309326,
multiple_84,,,,en_translatable,grok-4.6,True,True,False,1,1,0,0,,313,28,0.000794,5.405083656311035,
multiple_85,,,,en_translatable,grok-4.6,True,True,False,1,1,0,0,,313,29,0.0008,2.924739360809326,
multiple_86,,,,en_translatable,grok-4.6,True,True,False,1,1,0,0,,367,20,0.0008539999999999999,4.617004632949829,
multiple_87,,,,en_translatable,grok-4.6,True,True,False,1,1,0,0,,372,24,0.000888,2.7204713821411133,
multiple_88,,,,en_translatable,grok-4.6,True,True,False,1,1,0,0,,326,28,0.00082,3.2630929946899414,
multiple_89,,,,en_translatable,grok-4.6,True,True,False,1,1,0,0,,481,29,0.0011359999999999999,2.853368043899536,
multiple_90,,,,en_translatable,grok-4.6,True,True,False,1,1,0,0,,357,31,0.0009,4.392245054244995,
multiple_91,,,,en_translatable,grok-4.6,True,True,False,1,1,0,0,,263,19,0.0006399999999999999,5.552275657653809,
multiple_92,,,,en_translatable,grok-4.6,False,False,False,5,5,0,5,no_matching_call,7428,113,0.015534,43.816636085510254,
multiple_93,,,,en_translatable,grok-4.6,True,True,False,1,1,0,0,,389,35,0.000988,14.035423517227173,
multiple_94,,,,en_translatable,grok-4.6,True,True,False,1,1,0,0,,443,36,0.001102,6.47676157951355,
multiple_95,,,,en_translatable,grok-4.6,True,True,False,1,1,0,0,,323,36,0.0008619999999999999,5.52238655090332,
multiple_97,,,,en_translatable,grok-4.6,True,True,False,1,1,0,0,,383,13,0.0008439999999999999,4.8324737548828125,
multiple_98,,,,en_translatable,grok-4.6,True,True,False,1,1,0,0,,545,11,0.0011560000000000001,3.892188549041748,
multiple_104,,,,en_translatable,grok-4.6,True,True,False,1,1,0,0,,489,28,0.0011459999999999999,3.394266128540039,
multiple_108,,,,en_translatable,grok-4.6,True,True,False,1,1,0,0,,369,18,0.0008460000000000001,3.015184164047241,
multiple_109,,,,en_translatable,grok-4.6,True,False,False,2,2,0,1,,1223,43,0.002704,18.995901823043823,
multiple_110,,,,en_translatable,grok-4.6,True,True,False,1,1,0,0,,321,19,0.0007559999999999999,2.7067713737487793,
multiple_112,,,,en_translatable,grok-4.6,True,True,False,1,1,0,0,,264,31,0.000714,2.6433935165405273,
multiple_114,,,,en_translatable,grok-4.6,True,True,False,1,1,0,0,,438,26,0.001032,3.503932237625122,
multiple_115,,,,en_translatable,grok-4.6,True,True,False,1,1,0,0,,601,37,0.001424,6.855021238327026,
multiple_118,,,,en_translatable,grok-4.6,True,True,False,1,1,0,0,,566,30,0.001312,3.7651560306549072,
multiple_119,,,,en_translatable,grok-4.6,True,True,False,1,1,0,0,,687,50,0.0016740000000000001,7.563425064086914,
multiple_121,,,,en_translatable,grok-4.6,True,True,False,1,1,0,0,,419,18,0.000946,3.67576003074646,
multiple_131,,,,en_translatable,grok-4.6,True,True,False,1,1,0,0,,495,30,0.00117,8.260297060012817,
multiple_134,,,,en_translatable,grok-4.6,True,True,False,1,1,0,0,,671,32,0.0015340000000000002,8.007483005523682,
multiple_135,,,,en_translatable,grok-4.6,True,True,False,1,1,0,0,,334,34,0.0008719999999999999,6.5870680809021,
multiple_136,,,,en_translatable,grok-4.6,True,False,False,2,2,0,1,,942,67,0.002286,15.754292964935303,
multiple_137,,,,en_translatable,grok-4.6,True,True,False,1,1,0,0,,505,38,0.001238,6.95539927482605,
multiple_138,,,,en_translatable,grok-4.6,True,True,False,1,1,0,0,,474,23,0.001086,13.370288610458374,
multiple_139,,,,en_translatable,grok-4.6,True,True,False,1,1,0,0,,638,32,0.0014680000000000001,6.369833946228027,
multiple_140,,,,en_translatable,grok-4.6,True,True,False,1,1,0,0,,441,27,0.001044,3.421955108642578,
multiple_142,,,,en_translatable,grok-4.6,True,True,False,1,1,0,0,,326,20,0.000772,5.463972806930542,
multiple_144,,,,en_translatable,grok-4.6,True,True,False,1,1,0,0,,267,23,0.000672,5.1616597175598145,
multiple_145,,,,en_translatable,grok-4.6,True,True,False,1,1,0,0,,516,28,0.0012,3.7190825939178467,
multiple_146,,,,en_translatable,grok-4.6,True,True,False,1,1,0,0,,299,30,0.000778,8.208918571472168,
multiple_147,,,,en_translatable,grok-4.6,True,True,False,1,1,0,0,,446,36,0.001108,4.9081549644470215,
multiple_148,,,,en_translatable,grok-4.6,True,True,False,1,1,0,0,,288,26,0.000732,8.121941328048706,
multiple_149,,,,en_translatable,grok-4.6,True,True,False,1,1,0,0,,565,29,0.001304,9.495673179626465,
multiple_151,,,,en_translatable,grok-4.6,True,True,False,1,1,0,0,,453,37,0.001128,9.0679292678833,
multiple_152,,,,en_translatable,grok-4.6,True,True,False,1,1,0,0,,385,41,0.001016,6.6402060985565186,
multiple_153,,,,en_translatable,grok-4.6,True,True,False,1,1,0,0,,463,19,0.00104,5.934041261672974,
multiple_155,,,,en_translatable,grok-4.6,True,True,False,1,1,0,0,,443,18,0.0009939999999999999,5.789119243621826,
multiple_156,,,,en_translatable,grok-4.6,True,True,False,1,1,0,0,,442,28,0.001052,3.5379323959350586,
multiple_157,,,,en_translatable,grok-4.6,True,True,False,1,1,0,0,,279,23,0.000696,4.3843467235565186,
multiple_158,,,,en_translatable,grok-4.6,True,True,False,1,1,0,0,,636,31,0.0014579999999999999,4.35123872756958,
multiple_160,,,,en_translatable,grok-4.6,True,True,False,1,1,0,0,,555,23,0.001248,4.374312400817871,
multiple_161,,,,en_translatable,grok-4.6,True,True,False,1,1,0,0,,503,32,0.0011979999999999998,15.527474641799927,
multiple_163,,,,en_translatable,grok-4.6,True,True,False,1,1,0,0,,346,27,0.0008539999999999999,4.362743616104126,
multiple_164,,,,en_translatable,grok-4.6,True,False,False,2,2,0,1,,1564,67,0.00353,22.666006088256836,
multiple_165,,,,en_translatable,grok-4.6,True,True,False,1,1,0,0,,423,28,0.001014,3.369603157043457,
multiple_166,,,,en_translatable,grok-4.6,True,True,False,1,1,0,0,,457,34,0.001118,3.640573263168335,
multiple_168,,,,en_translatable,grok-4.6,True,True,False,1,1,0,0,,405,29,0.000984,3.5479142665863037,
multiple_170,,,,en_translatable,grok-4.6,True,True,False,1,1,0,0,,545,35,0.0013,4.574513912200928,
multiple_171,,,,en_translatable,grok-4.6,True,True,False,1,1,0,0,,302,33,0.0008020000000000001,4.151943206787109,
multiple_172,,,,en_translatable,grok-4.6,True,True,False,1,1,0,0,,649,25,0.0014479999999999999,8.499589681625366,
multiple_174,,,,en_translatable,grok-4.6,True,True,False,1,1,0,0,,356,20,0.000832,2.5058181285858154,
multiple_175,,,,en_translatable,grok-4.6,True,True,False,1,1,0,0,,654,24,0.001452,5.322919845581055,
multiple_176,,,,en_translatable,grok-4.6,True,True,False,1,1,0,0,,798,35,0.0018059999999999999,4.169042587280273,
multiple_177,,,,en_translatable,grok-4.6,True,True,False,1,1,0,0,,453,29,0.00108,7.411928653717041,
multiple_178,,,,en_translatable,grok-4.6,True,True,False,1,1,0,0,,706,23,0.0015500000000000002,3.349987268447876,
multiple_180,,,,en_translatable,grok-4.6,True,True,False,1,1,0,0,,575,32,0.0013419999999999999,5.35060715675354,
multiple_181,,,,en_translatable,grok-4.6,True,True,False,1,1,0,0,,632,30,0.001444,6.58074688911438,
multiple_182,,,,en_translatable,grok-4.6,True,True,False,1,1,0,0,,678,24,0.0015,8.077869653701782,
multiple_183,,,,en_translatable,grok-4.6,True,True,False,1,1,0,0,,407,27,0.0009760000000000001,6.500074148178101,
multiple_184,,,,en_translatable,grok-4.6,True,True,False,1,1,0,0,,403,30,0.000986,8.043756246566772,
multiple_185,,,,en_translatable,grok-4.6,True,True,False,1,1,0,0,,340,31,0.000866,5.124297857284546,
multiple_186,,,,en_translatable,grok-4.6,True,False,False,2,2,0,1,,1506,57,0.0033539999999999998,28.319709539413452,
multiple_187,,,,en_translatable,grok-4.6,True,True,False,1,1,0,0,,554,29,0.0012820000000000002,5.2161712646484375,
multiple_188,,,,en_translatable,grok-4.6,True,True,False,1,1,0,0,,594,37,0.00141,7.424203395843506,
multiple_189,,,,en_translatable,grok-4.6,True,True,False,1,1,0,0,,303,35,0.000816,8.205690383911133,
multiple_190,,,,en_translatable,grok-4.6,True,True,False,1,1,0,0,,470,48,0.001228,12.965686559677124,
multiple_191,,,,en_translatable,grok-4.6,True,True,False,1,1,0,0,,660,57,0.001662,10.398622751235962,
multiple_193,,,,en_translatable,grok-4.6,True,False,False,2,2,0,1,,1386,75,0.003222,14.638247966766357,
multiple_194,,,,en_translatable,grok-4.6,True,True,False,1,1,0,0,,562,25,0.001274,6.605300426483154,
multiple_196,,,,en_translatable,grok-4.6,True,True,False,1,1,0,0,,593,18,0.001294,4.6011059284210205,
multiple_197,,,,en_translatable,grok-4.6,True,True,False,1,1,0,0,,607,19,0.001328,3.163797378540039,
multiple_199,,,,en_translatable,grok-4.6,True,True,False,1,1,0,0,,413,29,0.001,4.343212127685547,
